"treeID","h_max","h_mean","h_p95","n_pts"
3,13.035,12.4514,13.0184,5
6,13.141,12.4583333333333,12.9594,9
7,14.715,12.1297878787879,14.106,33
9,14.909,12.2164827586207,14.2104,29
10,14.254,12.70276,14.1278,25
11,15.262,13.12092,15.1724,25
12,15.197,12.5541818181818,14.5706,22
13,12.589,11.025619047619,12.359,21
14,15.359,12.2578333333333,15.204,42
15,15.258,12.9428125,15.1698,32
16,12.357,10.8188235294118,12.0938,17
17,14.638,12.759875,14.2465,16
18,15.221,12.1356176470588,14.7122,34
19,15.511,12.8844166666667,15.21085,72
20,16.392,12.4193150684932,15.6258,73
21,13.372,11.5174545454545,13.0326,22
22,11.707,11.5454,11.6922,5
23,15.5,12.7666825396825,15.3774,63
24,15.986,12.6596170212766,15.7935,47
25,14.319,11.1044074074074,13.751,81
26,14.146,11.3157619047619,13.71565,42
27,13.542,11.67,13.42275,24
28,12.073,11.221,11.9904,5
29,15.102,13.0056071428571,14.9362,28
30,16.666,11.7388644067797,16.2454,177
31,14.511,11.9623529411765,14.1982,17
32,13.671,10.2320588235294,13.448,51
33,12.451,11.0942727272727,12.254,11
34,16.202,12.0579824561404,15.46975,114
35,13.71,10.7756,13.34335,70
36,14.714,11.1460793650794,14.2833,63
37,14.476,10.7169074074074,14.1354,54
38,14.612,12.5676153846154,14.1812,13
39,16.24,11.7407424242424,15.66175,66
40,16.57,11.7588918918919,16.0135,111
41,16.863,10.5131538461538,16.2794,169
42,16.32,11.1397264150943,15.84825,106
43,15.206,10.6235961538462,15.06155,52
44,15.45,10.9722222222222,14.3988,27
45,15.111,13.0199090909091,14.84825,22
46,15.818,12.75105,15.69925,20
47,16.626,10.5441217948718,16.221,156
48,14.77,8.78382634730539,14.107,167
49,14.939,9.7825625,14.7263,144
50,16.61,8.93274157303371,15.71215,178
51,15.355,8.14859661016949,13.6289,295
52,14.47,7.45597802197802,13.784,91
53,16.815,9.84811180124224,15.96,161
54,14.919,8.1236397515528,14.541,161
55,16.94,11.0384573170732,16.35855,328
56,15.112,7.98263636363636,14.4847,187
57,13.982,7.27777966101695,13.7653,59
58,13.164,6.69614705882353,12.85035,34
59,14.729,12.3142777777778,13.85095,18
60,16.169,12.0474081632653,15.8938,49
61,17.074,10.4949203187251,16.485,251
62,19.2,10.3012,15.7854,250
63,15.29,8.17117857142857,14.71145,168
64,19.417,10.8032860892388,16.756,381
65,19.534,9.7127668161435,16.6163,223
66,15.478,9.04820588235294,15.03775,136
68,20.074,11.1048888888889,16.932,315
69,13.387,7.17114285714286,13.07905,28
70,12.773,7.431,12.625,17
72,16.664,13.1167580645161,16.3389,62
73,20.439,9.8115103626943,16.71425,386
74,18.762,8.49277408637874,15.43965,602
75,15.278,7.63875949367089,14.9764,237
76,15.073,7.82409395973154,14.56345,298
77,20.246,11.1775838150289,16.7778,173
78,20.364,11.0107233333333,16.91455,300
79,20.756,10.9546961651917,17.2138,339
80,20.411,10.2046068376068,16.67515,234
81,15.613,7.60645803357314,15.4694,417
83,20.111,10.7434978991597,17.024,476
84,19.818,8.38695852534562,14.38695,868
85,15.601,7.7654875,15.4301,400
86,14.776,9.09179285714286,14.0241,140
87,16.513,12.206619047619,15.8422,63
88,15.545,7.28202684563758,15.1167,447
89,15.549,12.6434473684211,14.6044,38
90,21.049,11.0414008438819,17.1027,474
91,21.085,9.40617122302158,16.7373,695
92,21.079,9.22629399585921,16.7912,483
93,21.657,10.9250123762376,17.11,404
94,21.057,9.79988372093023,16.38585,344
95,15.613,7.29942932628798,14.9056,757
96,14.507,9.139875,13.6796,72
98,21.874,11.1343130563798,17.32605,674
99,21.395,8.07108935611038,14.782,761
100,15.727,12.9204583333333,15.05085,24
101,22.244,9.9605547309833,17.0828,539
102,21.589,10.056808259587,16.973,339
103,19.69,7.12436636636637,14.2798,999
104,16.085,7.38158034321373,14.5848,1282
105,14.526,9.33055555555556,14.3016,18
106,19.363,12.8853,16.2217,60
107,18.602,12.4972162162162,16.895,111
108,21.452,11.5906890756303,17.515,357
109,21.821,9.2738576329331,17.077,583
110,21.7,10.9192785145889,17.2874,377
111,16.322,9.44597126436782,14.4566,174
112,15.026,13.0613888888889,14.7385,36
113,21.355,7.80876923076923,15.2389,1274
114,19.082,6.97198706099815,13.821,541
115,21.415,10.1626098191214,16.5098,387
116,21.97,8.40478588235294,15.94755,850
117,20.186,13.3063164556962,17.1004,79
118,20.399,13.3260166666667,19.10005,60
119,22.15,12.2715198237885,17.4876,227
120,21.344,10.9137935034803,17.6645,431
121,22.011,10.0301816578483,17.6628,567
122,22.581,10.9373712737127,17.1496,369
123,17.76,7.73022918318795,15.251,1261
124,16.307,9.76921818181818,15.5525,55
125,20.712,13.1625818181818,19.6602,55
126,22.875,10.2833920187793,17.404,426
127,22.964,11.1274665653495,17.2018,658
128,22.571,10.6613546365915,17.0411,798
129,22.731,10.5871052631579,16.8812,437
130,19.417,8.50343219404631,14.9094,907
131,17.205,7.80329061371841,14.75065,554
132,21.967,12.6181753246753,17.75995,154
133,21.391,8.44651566579634,15.20975,766
134,20.865,8.35778201058201,14.1872,945
135,22.706,9.05429150579151,16.2903,518
136,21.205,7.80188775510204,14.405,1176
137,17.711,8.40462153344209,15.1588,613
138,16.741,13.1144027777778,15.95815,72
139,15.706,13.3686956521739,15.0304,23
140,21.308,13.5538915662651,19.5291,83
141,22.609,11.0553417190776,17.613,477
142,22.035,10.9985223880597,17.5354,469
143,23.09,10.2964680851064,16.78,611
144,18.925,7.49829545454545,14.48525,1056
145,18.161,8.25149742268041,15.00425,776
146,23.294,9.97015655577299,16.6635,511
147,22.722,8.97663238770686,15.95225,846
148,22.591,12.0814121621622,19.0192,148
149,22.79,11.2814644970414,17.8869,338
150,23.204,11.2395157593123,17.68415,698
151,22.831,8.251044,15.3406,1250
152,21.816,8.22914705882353,14.1862,544
153,18.093,8.06964544138929,15.0083,1382
154,18.245,11.0287853881279,16.4044,219
155,21.458,13.3263291139241,17.6718,158
156,22.598,13.7491066666667,19.29635,150
157,23.776,10.3535951327434,16.92195,904
158,23.166,8.09153150406504,15.1936,984
159,23.036,8.32913832384052,15.181,1229
160,22.844,8.47590199335548,15.5685,602
161,18.757,8.03152120141343,15.4945,566
162,18.74,9.2641867816092,16.1125,696
163,23.284,9.59859216965742,16.1214,613
164,21.957,7.90971957156767,14.2425,1027
165,18.491,8.31913515754561,15.334,1206
166,16.485,14.0006818181818,15.92605,22
167,23.418,10.7618593974175,17.119,697
168,22.484,8.40754637436762,14.5208,593
169,21.961,7.35193620414673,13.79375,1254
170,19.99,7.36234061696658,14.454,1556
171,21.695,13.2872864864865,19.9394,185
172,22.926,11.3463095890411,18.1008,365
173,23.115,10.4615094664372,17.244,581
174,23.215,8.76464759959142,15.9355,979
175,18.86,12.1866826923077,17.0431,104
176,23.124,9.76339309428951,16.3502,753
177,19.011,7.71736971484759,15.298,1017
178,19.139,10.7901565836299,17.254,281
179,20.5,14.9782307692308,19.7422,52
180,23.56,10.1565009596929,16.69785,1042
181,22.816,8.31569594594595,15.6715,740
182,20.586,7.98540052700922,15.0988,759
183,19.429,7.70397300103842,15.862,963
184,17.837,13.7474925373134,16.6636,67
185,23.817,9.74192334494774,16.5103,574
186,23.997,8.95397402597403,15.7524,539
187,23.561,8.27888452380952,15.41135,840
188,23.058,8.20397212780422,14.705,1471
189,19.375,12.4404827586207,17.97405,174
190,18.657,13.5010181818182,17.61615,110
191,19.881,8.29557750221435,15.6586,1129
192,19.886,9.97576945244957,17.5033,347
193,17.977,14.649325,17.3349,40
194,21.917,13.6159130434783,20.65255,92
195,23.145,13.4279276595745,21.0467,235
196,23.535,11.0800619266055,17.24775,436
197,23.983,9.81865198863636,16.47045,704
198,23.85,9.2333981981982,16.0657,555
199,24.028,9.58644297082228,15.7558,377
200,23.713,8.60413859275053,15.925,469
201,23.623,8.10551901840491,15.0966,815
202,23.919,8.21982537688442,15.6828,2388
203,22.396,8.89269929078014,15.7058,705
204,19.823,8.28026771653543,15.7132,889
205,19.883,7.99877869700103,16.2992,967
206,21.958,8.77893894009217,15.1398,868
207,19.993,7.77552790697674,16.70015,1290
208,19.023,13.2797653061224,18.03105,98
209,24.102,10.0057361111111,16.5685,936
210,23.928,8.56970622119816,15.75315,868
211,23.864,8.18060583941606,15.2218,1644
212,22.749,8.74001730769231,15.7153,1040
213,19.362,12.6910680272109,17.6798,147
214,22.902,13.2676525423729,18.8582,118
215,24.299,9.60423248053393,15.865,899
216,24.318,9.61512971175166,16.1271,902
217,20.829,8.72656302521008,17.275,357
218,20.019,8.73604694835681,17.71975,852
219,20.745,13.062612244898,18.1706,49
220,23.916,10.0000812581914,16.8157,763
221,22.878,8.61960714285714,16.30095,1400
222,20.631,8.32921532846715,16.84725,822
223,19.966,10.5326842105263,17.7087,323
224,19.491,13.1249852941176,18.2135,136
225,23.533,11.7683333333333,18.508,225
226,24.19,9.89927932098765,16.62655,648
227,22.496,9.72443525179856,16.811,556
228,20.212,8.15308387096774,17.0213,1240
229,18.816,13.3646666666667,18.0489,72
230,18.299,14.3588363636364,17.6385,55
231,21.349,18.292,20.6486,18
232,22.652,13.705015503876,20.4278,129
233,24.335,8.86926944971537,16.6764,527
234,24.291,8.27099571183533,14.74975,1166
235,21.952,15.0721944444444,21.38775,36
236,22.556,14.327375,21.31585,80
237,23.824,8.61678899909829,16.3966,1109
238,22.809,9.46158522727273,16.4975,880
239,23.496,11.4045393700787,21.68725,254
240,24.639,9.4072780669145,16.1456,1345
241,24.478,9.61994039735099,16.611,755
242,23.302,9.1609553014553,16.5743,962
243,21.029,8.41810357675112,16.239,1342
244,20.524,7.55702321204517,18.05305,1594
245,20.177,11.760356557377,18.75625,244
246,24.446,7.89792008196721,16.1885,976
247,24.45,10.5291677966102,18.78845,590
248,24.474,8.67719279907085,16.415,861
249,17.995,14.3642608695652,17.73,23
250,22.205,14.5334583333333,21.3392,48
251,24.14,8.55664091858038,16.282,479
252,24.102,8.51868991416309,15.8274,932
253,24.126,8.54554791666667,15.7179,480
254,23.636,9.53452417302799,16.4034,393
255,21.757,7.78994366197183,16.69825,1136
256,19.633,13.6029262295082,18.42335,122
257,18.556,14.3273095238095,18.50675,42
258,20.305,19.5408,20.1746,5
259,20.988,17.0578,19.8792,10
260,22.176,16.4239411764706,21.3832,34
261,20.533,8.26353946227233,18.0844,1153
262,20.252,12.6601987951807,19.679,166
263,16.619,15.0286153846154,16.559,13
264,21.26,18.6843333333333,21.14175,24
265,23.584,9.26389772727273,16.83085,352
266,20.564,8.58384730538922,18.2055,668
267,20.549,11.2872453183521,19.4629,534
268,22.768,15.0485897435897,22.2643,39
269,23.229,14.6795555555556,21.9384,99
270,24.713,11.2,23.72,356
271,24.184,8.99714522821577,16.2997,482
272,23.739,9.26359770114943,16.4038,609
273,23.014,9.46264489311164,16.78095,842
274,20.489,8.18461259338314,17.8598,937
275,23.866,12.550156779661,22.35375,236
276,19.12,14.2691176470588,18.297,51
277,17.406,15.06245,17.33665,20
278,20.224,12.7374938271605,19.8446,162
279,24.224,9.03872530120482,18.8221,415
280,24.648,7.82617337164751,17.2272,1044
281,24.639,9.06551962616822,16.323,535
282,24.561,8.99140659340659,16.70725,364
283,24.352,9.15858556149733,18.087,374
284,24.063,9.12900770712909,15.8632,519
285,23.471,9.51774969325153,16.3641,815
286,22.718,8.33011012956419,16.10695,1698
287,20.597,8.79938990182328,17.687,713
288,20.842,9.47771282051282,18.975,585
289,20.785,9.95052252252252,19.6658,444
290,20.739,11.0315,19.96775,366
291,19.816,13.6105135135135,19.05015,74
292,24.801,11.1590867579909,24.1811,219
293,24.854,10.725922829582,23.4565,311
294,24.75,9.74533852140078,22.6946,257
295,20.135,13.8230909090909,19.4747,99
296,20.383,18.7949,20.34925,10
297,22.718,17.1797142857143,22.4338,49
298,23.413,15.5560338983051,22.8969,59
299,23.873,14.1044210526316,23.02135,114
300,24.543,8.33659950248756,22.73405,402
301,24.862,9.34958150851581,24.068,411
302,24.35,8.21942905405405,16.4313,592
303,17.228,14.9633181818182,17.1657,22
304,21.905,17.9436,20.8885,20
305,24.476,10.6504034090909,21.767,176
306,24.821,8.89558904109589,22.7232,219
307,20.827,9.53228915662651,19.8691,664
308,20.443,12.669092920354,19.8295,226
309,24.641,10.7559398907104,23.6862,183
310,24.86,11.0940843373494,24.417,166
311,24.825,9.49076388888889,21.59145,360
312,24.011,8.29492236024845,15.8176,644
313,23.953,9.74032007575758,16.89405,528
314,23.461,9.60179949238579,17.6625,394
315,22.483,8.49842105263158,15.77165,608
316,22.208,8.84817536071032,17.997,901
317,19.628,14.7152113821138,19.1065,123
318,18.385,15.0715952380952,17.8347,42
319,21.179,17.4307857142857,20.3288,14
320,24.264,12.5317183098592,23.6017,142
321,24.696,11.7642151898734,23.9889,79
322,24.922,11.1502994350282,24.73325,354
323,24.7,7.81791479820628,17.4575,446
324,24.633,6.74894349680171,14.9657,938
325,22.523,8.86443163538874,18.0615,746
326,21.077,9.5705928917609,19.6078,619
327,20.901,9.36368661971831,20.77925,568
328,20.734,13.0819139072848,20.177,151
329,20.177,14.1860142857143,20.01595,70
330,21.866,18.3178823529412,20.7628,17
331,22.978,16.9350697674419,22.5868,43
332,23.6,9.38402481389578,18.5828,403
333,23.776,17.1642115384615,23.5457,52
334,24.468,11.4570783410138,23.3854,217
335,23.18,8.92415273775216,16.2012,347
336,20.847,9.58023880597015,18.206,536
337,20.826,10.8775,20.1726,160
338,24.715,11.3179595687332,24.028,371
339,23.691,9.2701106557377,17.22795,488
340,23.934,10.0997603550296,18.73975,338
341,20.923,8.25577411764706,20.4974,850
342,20.092,14.9113,19.8389,40
343,18.08,15.1369024390244,17.958,41
344,24.869,10.0224718614719,24.40085,462
345,24.843,8.75586585365854,22.58595,410
346,24.479,6.45973571428571,13.96675,420
347,24.292,7.71528629579376,16.7464,737
348,23.171,10.1052579787234,17.71175,376
349,20.43,13.8906593406593,20.365,91
350,20.014,14.785170212766,19.814,47
351,19.538,14.7405972222222,19.3506,72
352,21.981,18.34812,21.653,25
353,23.267,18.18434375,22.9538,32
354,24.078,14.7865714285714,23.6847,70
355,24.357,11.1212727272727,23.539,165
356,24.971,9.25310367170626,24.7875,463
357,21.426,10.3079446308725,19.8455,596
358,24.924,7.42093996840442,21.1858,633
359,24.949,10.0108281786942,24.69115,582
360,24.342,6.20266445916115,14.782,453
361,22.359,10.117597826087,18.2345,276
362,22.937,9.86362755102041,17.82045,392
363,22.547,10.0272536082474,19.4904,485
364,20.832,9.33754938271605,20.1375,486
365,19.964,17.6505833333333,19.82485,12
366,24.899,9.8882925170068,23.8233,147
367,24.68,7.35105395683453,13.73295,278
368,24.508,8.86039197530864,19.5472,324
369,19.882,14.9690886075949,19.671,79
370,18.38,13.9197142857143,16.495,21
371,23.499,18.9928571428571,23.4742,35
372,24.05,14.0690833333333,22.85975,60
373,22.149,10.1338156779661,18.1572,472
374,20.902,8.03664940239044,16.3062,753
375,20.826,7.03726824183461,16.1628,1439
376,20.889,17.9673636363636,20.0275,11
377,21.91,17.56815,21.8682,20
378,22.714,19.1791034482759,22.319,29
379,24.82,9.85711656441718,23.2778,163
380,24.697,7.79604184100418,21.4215,239
381,23.775,10.2333440860215,17.8598,465
382,22.745,10.0945440251572,17.0823,318
383,20.256,18.164,19.97955,4
384,24.492,9.96515384615385,22.5654,338
385,24.851,9.80186852589642,22.9715,251
386,24.542,9.61161471861472,22.951,231
387,24.464,9.63883185840708,22.5194,113
388,22.047,9.51750948509485,17.1686,369
389,21.321,9.88582677165354,18.413,635
390,18.049,15.3521818181818,17.9866,22
391,24.887,8.7442244488978,21.9929,499
392,24.921,10.0879976851852,23.56415,432
393,24.137,9.93913214285714,20.0559,280
394,23.768,10.1153516483516,18.6392,273
395,22.346,9.42395582329317,16.1451,498
396,20.776,8.73900597371565,18.5216,837
397,20.412,12.8077524752475,19.878,101
398,19.804,14.8532142857143,19.7173,42
399,17.756,15.5529259259259,17.2651,27
400,22.382,19.386,22.1685,11
401,22.599,9.32418072289157,16.0195,415
402,20.622,8.77152325581395,19.51645,602
403,19.031,14.9907608695652,18.6635,46
404,22.928,17.3636842105263,22.8353,19
405,23.518,17.6244827586207,23.22,29
406,24.879,10.4916726190476,23.3005,168
407,19.934,13.083696969697,19.573,33
408,21.52,18.6270588235294,21.4968,17
409,23.281,19.3025862068966,23.0628,29
410,24.725,10.381287202381,21.53045,672
411,24.691,9.61507169811321,23.645,265
412,24.366,9.88649152542373,22.16525,236
413,23.973,9.67963863636364,19.62425,440
414,22.443,8.96517462165309,16.6116,859
415,19.488,15.3869090909091,18.8776,33
416,20.496,17.824125,20.0977,8
417,21.594,18.0374615384615,21.5808,13
418,24.064,12.2318559322034,22.47715,118
419,24.274,9.52904777070064,20.769,314
420,24.778,11.1450336700337,23.935,297
421,24.832,8.53661307901907,18.7456,367
422,24.553,10.3424661016949,24.03815,118
423,22.694,8.67335448916409,15.02075,646
424,18.398,15.38428,18.1022,25
425,24.579,9.58502511415525,16.50725,438
426,24.827,8.12019294605809,15.75515,482
427,24.558,12.0363865546218,24.0211,119
428,23.374,9.2948484500574,17.583,871
429,20.961,9.34531171171171,15.9353,555
430,20.58,8.31408863198459,15.8368,519
431,19.112,15.001,18.01855,20
432,24.339,9.62807591623037,20.6529,382
433,24.464,9.48803722084367,17.2058,403
434,21.392,9.18580697674419,16.48515,860
435,20.241,8.93687423312883,19.16825,326
436,19.709,16.2273055555556,19.54825,36
437,21.711,17.704,21.53525,20
438,23.222,18.3347058823529,22.51405,34
439,24.736,9.86337938596491,19.553,456
440,24.745,7.95312222222222,15.6434,720
441,24.495,9.95211111111111,23.5795,207
442,20.593,6.79462200684151,13.26335,1754
443,18.005,15.1986111111111,17.85625,18
444,20.999,18.4993333333333,20.639,6
445,24.612,9.64078486997636,21.3931,423
446,19.734,17.6179090909091,19.5285,11
447,22.795,17.6792333333333,22.3395,30
448,24.802,8.09598522167488,16.0282,609
449,24.261,8.61367897727273,20.37565,352
450,20.314,8.78743728222997,14.3266,574
451,20.324,8.62524,14.4281,550
452,19.793,12.8546666666667,19.4368,84
453,18.69,15.0456363636364,18.52265,22
454,16.984,15.19736,16.7568,25
455,24.27,9.22917338709677,21.324,248
456,23.538,8.28626267281106,15.229,651
457,22.473,8.94354727474972,16.0603,899
458,20.32,7.29337964458804,12.6997,619
459,21.386,18.0243181818182,20.7261,22
460,24.516,9.34823168908819,16.4818,669
461,24.486,9.50050708215297,18.851,353
462,24.585,8.80369064748201,16.11825,556
463,23.234,9.06628431372549,17.20095,510
464,20.799,9.06181834862385,14.8544,545
465,20.162,9.37043346007605,17.51425,526
466,20.408,16.7388571428571,19.9439,7
467,22.37,17.63,21.5045,16
468,24.449,7.42740180360721,15.9016,998
469,23.963,8.15952747252747,18.9215,364
470,22.106,8.97747931526391,15.554,701
471,19.938,9.33269169960474,18.913,253
472,18.964,14.6044210526316,18.55665,38
474,23.63,13.0933740458015,22.6975,131
475,24.441,8.90820412371134,20.212,485
476,23.602,8.44041942604857,16.4464,453
477,20.119,7.4490979020979,14.9444,572
478,18.042,14.761,17.9679,20
479,23.807,9.94869082125604,20.3855,414
480,20.027,7.23657230769231,13.2621,650
481,17.476,15.4915,17.34055,10
482,21.79,18.4177333333333,21.3763,15
483,22.676,17.4429714285714,22.6166,35
484,24.306,9.00231578947368,15.61415,722
485,24.437,9.31839145299145,20.8616,585
486,21.376,8.5141166180758,17.23975,686
487,19.759,7.51978374455733,13.564,689
488,21.605,18.0226363636364,21.334,11
489,24.394,8.86666998341625,16.0311,603
490,24.526,8.657729390681,16.1078,558
491,24.316,8.1586075,19.4154,400
492,23.913,7.96681351981352,17.2448,429
493,23.123,8.77395957446809,15.9483,470
494,21.667,8.67037126865672,15.52375,536
495,19.047,10.5079016393443,18.23525,122
496,19.989,8.6093386167147,15.9779,694
497,22.227,17.4209655172414,22.0582,29
498,22.082,18.5913,21.6815,10
499,22.019,18.4417272727273,21.35,11
500,22.494,17.8347333333333,21.6743,15
501,23.309,9.72942857142857,21.46975,98
502,23.792,8.142688057041,15.282,561
503,23.905,9.49814126394052,19.8488,269
504,24.039,7.78706725146199,19.3944,342
505,22.494,9.33213173652695,17.4733,167
506,22.605,8.4280325203252,15.4356,369
507,19.466,7.49676296296296,17.35655,270
508,15.389,14.73925,15.3611,4
509,20.999,17.3419090909091,20.8005,11
510,22.814,12.91525,21.4994,44
511,24.311,9.80216981132076,21.636,371
512,24.068,7.41042599277978,16.9093,554
513,22.987,8.72366666666667,19.539,189
514,22.648,9.28837704918033,21.2358,183
515,18.72,15.1680952380952,18.22475,42
516,19.539,18.2948,19.5116,5
517,23.727,8.48695362318841,19.3124,345
518,23.871,8.71366182572614,16.40435,482
519,21.395,7.73121659482759,14.338,928
520,19.093,8.3754449704142,15.2858,845
521,18.714,6.89343654822335,12.96305,394
522,17.599,15.2722121212121,17.36,33
523,20.966,16.8118,20.4323,10
524,22.226,17.7198214285714,21.6579,28
525,23.826,9.25098445595855,16.5395,386
526,23.783,11.150316091954,22.2521,174
527,21.961,9.4613908045977,16.6476,174
529,19.385,17.164625,19.25,16
530,22.21,8.98652112676056,20.589,71
531,23.467,7.99339140271493,15.13865,442
532,23.537,8.77628244274809,20.6805,131
533,22.203,8.10512915129151,16.26405,542
534,18.257,7.546,13.8621,318
535,22.108,10.3176666666667,19.42275,96
536,17.711,8.23981481481482,17.53925,54
537,18.547,11.622225,18.05505,40
538,23.285,8.44472602739726,21.0596,219
539,23.438,9.65834200743494,17.8348,269
540,23.856,10.6186844660194,21.04675,206
541,23.559,8.05379194630872,21.1709,298
542,23.065,8.93048148148148,20.3161,135
544,22.59,8.31924884792627,19.8448,217
545,18.204,7.68265263157895,13.6441,475
546,18.6,8.3041052631579,17.758,76
547,22.496,18.11365,22.19675,40
548,21.864,8.62224324324324,20.9832,37
549,21.6,8.34791975308642,18.7983,162
550,17.82,7.202,13.7131,363
551,18.297,7.50826962457338,16.116,293
552,17.792,8.25788235294118,17.6848,17
553,21.074,18.2100526315789,20.4737,19
554,22.481,7.61722491349481,17.076,289
555,23.657,10.7374049586777,19.861,121
556,22.502,10.5770410958904,20.6988,73
557,17.419,7.545,17.1558,40
558,21.488,18.5230434782609,21.1528,23
559,23.633,12.6338925619835,22.23,121
560,23.411,11.2983453608247,21.61595,194
561,22.669,9.64367142857143,20.6191,70
562,22.725,10.6354042553191,21.8035,47
563,18.468,7.70754132231405,13.2437,242
564,16.249,15.3411111111111,16.2326,9
565,22.861,9.05440740740741,20.74795,108
566,22.807,8.93617105263158,19.81475,76
567,22.082,10.5504761904762,19.9039,63
568,19.752,7.74801052631579,13.42505,190
569,16.829,5.73149056603774,16.1098,53
571,22.876,10.2734564102564,19.6624,195
572,22.627,11.7103939393939,21.2795,66
573,22.134,10.84203125,21.686,64
574,23.005,11.7752894736842,22.625,76
575,21.243,8.50491304347826,17.644,161
576,11.779,6.6616404494382,11.0236,89
577,16.027,11.14825,15.86805,12
578,22.314,13.9034193548387,22.0585,31
579,22.724,12.7908541666667,21.21275,96
580,22.611,13.3106,22.1899,35
581,15.615,7.67204444444444,15.3262,45
582,19.362,17.8748888888889,19.2408,9
583,22.098,16.3244615384615,21.663,13
584,12.015,8.70336,11.2402,25
585,21.572,18.3306315789474,21.1769,19
586,22.638,14.4873111111111,21.9742,45
587,22.17,14.1257307692308,21.395,52
588,20.391,12.0135161290323,19.90215,62
589,19.504,11.9133333333333,18.3277,27
590,22.047,14.2394385964912,20.9474,57
591,21.593,17.5475,20.9679,20
592,11.258,10.7324,11.1988,5
594,8.366,7.492,8.2214,4
595,22.459,15.21615,22.16935,40
596,22.279,13.5974393939394,21.3965,66
597,22.498,13.9884769230769,20.9288,65
598,22.278,19.2258947368421,22.1799,19
599,11.416,10.4619166666667,11.30655,12
600,14.952,6.66851219512195,9.515,41
601,21.603,15.8625333333333,21.2537,15
602,21.027,16.1148461538462,20.9172,13
603,20.322,13.6377,18.67945,20
604,14.457,8.53807692307692,11.2206,13
605,20.26,17.9883529411765,20.1656,17
606,20.789,17.6820625,20.6045,16
607,21.274,18.6426666666667,20.9121,12
608,20.872,17.69775,20.51745,8
609,22.157,17.35448,21.8832,25
612,21.238,15.9388076923077,20.57725,26
613,20.99,15.9912631578947,20.5193,19
615,20.72,17.949,20.5094,13
616,20.877,18.6548333333333,20.77225,6
617,20.366,17.6395384615385,20.2994,13
618,21.455,17.9348484848485,20.5874,33
619,20.225,18.6881666666667,20.087,6
622,21.11,18.3805,20.93075,6
623,20.562,18.63575,20.49225,16
624,20.7,17.7635294117647,20.5984,17
625,21.034,18.5285454545455,20.8745,11
626,20.85,18.076347826087,20.5861,23
627,19.529,18.5071666666667,19.46325,6
628,20.05,17.5481428571429,19.9603,7
629,20.113,17.9634285714286,19.7017,7
630,19.727,17.9955,19.2941,10
